262	error: map_inline requires a concrete snapshot value for map 633 key 0x00000000 at lookup pc 902: map_values snapshot missing map 633 key 00000000
265	error: map_inline requires a concrete snapshot value for map 885 key 0x00000000 at lookup pc 7: map_values snapshot missing map 885 key 00000000
269	error: map_inline requires a concrete snapshot value for map 885 key 0x00000000 at lookup pc 7: map_values snapshot missing map 885 key 00000000
271	error: map_inline requires a concrete snapshot value for map 633 key 0x00000000 at lookup pc 902: map_values snapshot missing map 633 key 00000000
276	error: map_inline requires a concrete snapshot value for map 633 key 0x00000000 at lookup pc 902: map_values snapshot missing map 633 key 00000000
279	error: map_inline requires a concrete snapshot value for map 885 key 0x00000000 at lookup pc 7: map_values snapshot missing map 885 key 00000000
285	error: map_inline requires a concrete snapshot value for map 1090 key 0x00000000 at lookup pc 7: map_values snapshot missing map 1090 key 00000000
288	error: map_inline requires a concrete snapshot value for map 633 key 0x00000000 at lookup pc 902: map_values snapshot missing map 633 key 00000000
293	error: map_inline requires a concrete snapshot value for map 1090 key 0x00000000 at lookup pc 7: map_values snapshot missing map 1090 key 00000000
295	error: map_inline requires a concrete snapshot value for map 633 key 0x00000000 at lookup pc 902: map_values snapshot missing map 633 key 00000000
300	error: map_inline requires a concrete snapshot value for map 1090 key 0x00000000 at lookup pc 7: map_values snapshot missing map 1090 key 00000000
301	error: map_inline requires a concrete snapshot value for map 633 key 0x00000000 at lookup pc 902: map_values snapshot missing map 633 key 00000000
310	error: map_inline requires a concrete snapshot value for map 633 key 0x00000000 at lookup pc 902: map_values snapshot missing map 633 key 00000000
312	error: map_inline requires a concrete snapshot value for map 1366 key 0x00000000 at lookup pc 7: map_values snapshot missing map 1366 key 00000000
321	error: map_inline requires a concrete snapshot value for map 633 key 0x00000000 at lookup pc 902: map_values snapshot missing map 633 key 00000000
324	error: map_inline requires a concrete snapshot value for map 1366 key 0x00000000 at lookup pc 7: map_values snapshot missing map 1366 key 00000000
325	error: map_inline requires a concrete snapshot value for map 633 key 0x00000000 at lookup pc 902: map_values snapshot missing map 633 key 00000000
330	error: map_inline requires a concrete snapshot value for map 1366 key 0x00000000 at lookup pc 7: map_values snapshot missing map 1366 key 00000000
334	error: map_inline requires a concrete snapshot value for map 1366 key 0x00000000 at lookup pc 7: map_values snapshot missing map 1366 key 00000000
335	error: map_inline requires a concrete snapshot value for map 633 key 0x00000000 at lookup pc 902: map_values snapshot missing map 633 key 00000000
342	error: map_inline requires a concrete snapshot value for map 1366 key 0x00000000 at lookup pc 7: map_values snapshot missing map 1366 key 00000000
344	error: map_inline requires a concrete snapshot value for map 633 key 0x00000000 at lookup pc 902: map_values snapshot missing map 633 key 00000000
346	error: map_inline requires a concrete snapshot value for map 633 key 0x00000000 at lookup pc 902: map_values snapshot missing map 633 key 00000000
351	error: map_inline requires a concrete snapshot value for map 1366 key 0x00000000 at lookup pc 7: map_values snapshot missing map 1366 key 00000000
354	error: map_inline requires a concrete snapshot value for map 1854 key 0x00000000 at lookup pc 7: map_values snapshot missing map 1854 key 00000000
355	error: map_inline requires a concrete snapshot value for map 633 key 0x00000000 at lookup pc 902: map_values snapshot missing map 633 key 00000000
365	error: map_inline requires a concrete snapshot value for map 633 key 0x00000000 at lookup pc 902: map_values snapshot missing map 633 key 00000000
366	error: map_inline requires a concrete snapshot value for map 1927 key 0x00000000 at lookup pc 7: map_values snapshot missing map 1927 key 00000000
371	error: map_inline requires a concrete snapshot value for map 1927 key 0x00000000 at lookup pc 7: map_values snapshot missing map 1927 key 00000000
372	error: map_inline requires a concrete snapshot value for map 633 key 0x00000000 at lookup pc 902: map_values snapshot missing map 633 key 00000000
383	error: map_inline requires a concrete snapshot value for map 633 key 0x00000000 at lookup pc 902: map_values snapshot missing map 633 key 00000000
384	error: map_inline requires a concrete snapshot value for map 1927 key 0x00000000 at lookup pc 7: map_values snapshot missing map 1927 key 00000000
393	error: map_inline requires a concrete snapshot value for map 633 key 0x00000000 at lookup pc 902: map_values snapshot missing map 633 key 00000000
399	error: map_inline requires a concrete snapshot value for map 2346 key 0x00000000 at lookup pc 7: map_values snapshot missing map 2346 key 00000000
404	error: map_inline requires a concrete snapshot value for map 2346 key 0x00000000 at lookup pc 7: map_values snapshot missing map 2346 key 00000000
406	error: map_inline requires a concrete snapshot value for map 633 key 0x00000000 at lookup pc 902: map_values snapshot missing map 633 key 00000000
416	error: map_inline requires a concrete snapshot value for map 2346 key 0x00000000 at lookup pc 7: map_values snapshot missing map 2346 key 00000000
420	error: map_inline requires a concrete snapshot value for map 633 key 0x00000000 at lookup pc 902: map_values snapshot missing map 633 key 00000000
424	error: map_inline requires a concrete snapshot value for map 633 key 0x00000000 at lookup pc 902: map_values snapshot missing map 633 key 00000000
425	error: map_inline requires a concrete snapshot value for map 2346 key 0x00000000 at lookup pc 7: map_values snapshot missing map 2346 key 00000000
431	error: map_inline requires a concrete snapshot value for map 2757 key 0x00000000 at lookup pc 7: map_values snapshot missing map 2757 key 00000000
434	error: map_inline requires a concrete snapshot value for map 633 key 0x00000000 at lookup pc 902: map_values snapshot missing map 633 key 00000000
437	error: map_inline requires a concrete snapshot value for map 633 key 0x00000000 at lookup pc 902: map_values snapshot missing map 633 key 00000000
439	error: map_inline requires a concrete snapshot value for map 2855 key 0x00000000 at lookup pc 7: map_values snapshot missing map 2855 key 00000000
446	error: map_inline requires a concrete snapshot value for map 2927 key 0x00000000 at lookup pc 7: map_values snapshot missing map 2927 key 00000000
447	error: map_inline requires a concrete snapshot value for map 633 key 0x00000000 at lookup pc 902: map_values snapshot missing map 633 key 00000000
449	error: map_inline requires a concrete snapshot value for map 2977 key 0x00000000 at lookup pc 7: map_values snapshot missing map 2977 key 00000000
451	error: map_inline requires a concrete snapshot value for map 633 key 0x00000000 at lookup pc 902: map_values snapshot missing map 633 key 00000000
457	error: map_inline requires a concrete snapshot value for map 633 key 0x00000000 at lookup pc 902: map_values snapshot missing map 633 key 00000000
461	error: map_inline requires a concrete snapshot value for map 3051 key 0x00000000 at lookup pc 7: map_values snapshot missing map 3051 key 00000000
463	error: map_inline requires a concrete snapshot value for map 633 key 0x00000000 at lookup pc 902: map_values snapshot missing map 633 key 00000000
469	error: map_inline requires a concrete snapshot value for map 3124 key 0x00000000 at lookup pc 7: map_values snapshot missing map 3124 key 00000000
474	error: map_inline requires a concrete snapshot value for map 3197 key 0x00000000 at lookup pc 7: map_values snapshot missing map 3197 key 00000000
476	error: map_inline requires a concrete snapshot value for map 633 key 0x00000000 at lookup pc 902: map_values snapshot missing map 633 key 00000000
481	error: map_inline requires a concrete snapshot value for map 3197 key 0x00000000 at lookup pc 7: map_values snapshot missing map 3197 key 00000000
487	error: map_inline requires a concrete snapshot value for map 633 key 0x00000000 at lookup pc 902: map_values snapshot missing map 633 key 00000000
489	error: map_inline requires a concrete snapshot value for map 3197 key 0x00000000 at lookup pc 7: map_values snapshot missing map 3197 key 00000000
490	error: map_inline requires a concrete snapshot value for map 633 key 0x00000000 at lookup pc 902: map_values snapshot missing map 633 key 00000000
495	error: map_inline requires a concrete snapshot value for map 3197 key 0x00000000 at lookup pc 7: map_values snapshot missing map 3197 key 00000000
499	error: map_inline requires a concrete snapshot value for map 633 key 0x00000000 at lookup pc 902: map_values snapshot missing map 633 key 00000000
504	error: map_inline requires a concrete snapshot value for map 3197 key 0x00000000 at lookup pc 7: map_values snapshot missing map 3197 key 00000000
506	error: map_inline requires a concrete snapshot value for map 633 key 0x00000000 at lookup pc 902: map_values snapshot missing map 633 key 00000000
513	error: map_inline requires a concrete snapshot value for map 633 key 0x00000000 at lookup pc 902: map_values snapshot missing map 633 key 00000000
519	error: map_inline requires a concrete snapshot value for map 3679 key 0x00000000 at lookup pc 7: map_values snapshot missing map 3679 key 00000000
524	error: map_inline requires a concrete snapshot value for map 633 key 0x00000000 at lookup pc 902: map_values snapshot missing map 633 key 00000000
526	error: map_inline requires a concrete snapshot value for map 3679 key 0x00000000 at lookup pc 7: map_values snapshot missing map 3679 key 00000000
528	error: map_inline requires a concrete snapshot value for map 3679 key 0x00000000 at lookup pc 7: map_values snapshot missing map 3679 key 00000000
529	error: map_inline requires a concrete snapshot value for map 633 key 0x00000000 at lookup pc 902: map_values snapshot missing map 633 key 00000000
537	error: map_inline requires a concrete snapshot value for map 633 key 0x00000000 at lookup pc 902: map_values snapshot missing map 633 key 00000000
540	error: map_inline requires a concrete snapshot value for map 3889 key 0x00000000 at lookup pc 7: map_values snapshot missing map 3889 key 00000000
