prog_id	host_verifiable	reason	map_id_count	btf_id	fd_array_entries
219	no	requires guest map fd replay via map_ids	5	239	6
235	no	requires guest map fd replay via map_ids	5	257	6
262	no	requires guest map fd replay via map_ids	13	650	6
265	no	requires guest map fd replay via map_ids	14	653	6
269	no	requires guest map fd replay via map_ids	14	683	6
271	no	requires guest map fd replay via map_ids	13	685	6
276	no	requires guest map fd replay via map_ids	13	716	6
279	no	requires guest map fd replay via map_ids	14	719	6
285	no	requires guest map fd replay via map_ids	14	913	6
288	no	requires guest map fd replay via map_ids	13	916	6
290	no	requires guest map fd replay via map_ids	9	952	6
293	no	requires guest map fd replay via map_ids	14	981	6
295	no	requires guest map fd replay via map_ids	13	983	6
300	no	requires guest map fd replay via map_ids	14	1014	6
301	no	requires guest map fd replay via map_ids	13	1015	6
310	no	requires guest map fd replay via map_ids	13	1332	6
312	no	requires guest map fd replay via map_ids	14	1334	6
317	no	requires guest map fd replay via map_ids	9	1373	6
321	no	requires guest map fd replay via map_ids	13	1403	6
324	no	requires guest map fd replay via map_ids	14	1406	6
325	no	requires guest map fd replay via map_ids	13	1433	6
330	no	requires guest map fd replay via map_ids	14	1438	6
334	no	requires guest map fd replay via map_ids	14	1468	6
335	no	requires guest map fd replay via map_ids	13	1469	6
342	no	requires guest map fd replay via map_ids	14	1502	6
344	no	requires guest map fd replay via map_ids	13	1504	6
346	no	requires guest map fd replay via map_ids	13	1532	6
351	no	requires guest map fd replay via map_ids	14	1537	6
354	no	requires guest map fd replay via map_ids	14	1613	6
355	no	requires guest map fd replay via map_ids	13	1614	6
365	no	requires guest map fd replay via map_ids	13	1882	6
366	no	requires guest map fd replay via map_ids	14	1883	6
370	no	requires guest map fd replay via map_ids	9	1921	6
371	no	requires guest map fd replay via map_ids	14	1948	6
372	no	requires guest map fd replay via map_ids	13	1949	6
380	no	requires guest map fd replay via map_ids	9	1991	6
383	no	requires guest map fd replay via map_ids	13	2020	6
384	no	requires guest map fd replay via map_ids	14	2021	6
392	no	requires guest map fd replay via map_ids	9	2063	6
393	no	requires guest map fd replay via map_ids	13	2327	6
399	no	requires guest map fd replay via map_ids	14	2333	6
402	no	requires guest map fd replay via map_ids	9	2370	6
404	no	requires guest map fd replay via map_ids	14	2398	6
406	no	requires guest map fd replay via map_ids	13	2400	6
412	no	requires guest map fd replay via map_ids	9	2440	6
416	no	requires guest map fd replay via map_ids	14	2470	6
420	no	requires guest map fd replay via map_ids	13	2474	6
424	no	requires guest map fd replay via map_ids	13	2504	6
425	no	requires guest map fd replay via map_ids	14	2505	6
431	no	requires guest map fd replay via map_ids	14	2584	6
434	no	requires guest map fd replay via map_ids	13	2587	6
437	no	requires guest map fd replay via map_ids	13	2662	6
439	no	requires guest map fd replay via map_ids	9	2664	6
446	no	requires guest map fd replay via map_ids	14	2744	6
447	no	requires guest map fd replay via map_ids	13	2745	6
449	no	requires guest map fd replay via map_ids	14	2820	6
451	no	requires guest map fd replay via map_ids	13	2822	6
457	no	requires guest map fd replay via map_ids	13	2901	6
461	no	requires guest map fd replay via map_ids	14	2905	6
463	no	requires guest map fd replay via map_ids	13	2980	6
469	no	requires guest map fd replay via map_ids	14	2986	6
474	no	requires guest map fd replay via map_ids	14	3294	6
476	no	requires guest map fd replay via map_ids	13	3296	6
480	no	requires guest map fd replay via map_ids	9	3334	6
481	no	requires guest map fd replay via map_ids	14	3361	6
487	no	requires guest map fd replay via map_ids	13	3367	6
489	no	requires guest map fd replay via map_ids	14	3395	6
490	no	requires guest map fd replay via map_ids	13	3396	6
495	no	requires guest map fd replay via map_ids	14	3427	6
499	no	requires guest map fd replay via map_ids	13	3431	6
504	no	requires guest map fd replay via map_ids	14	3462	6
506	no	requires guest map fd replay via map_ids	13	3464	6
512	no	requires guest map fd replay via map_ids	9	3504	6
513	no	requires guest map fd replay via map_ids	13	3658	6
519	no	requires guest map fd replay via map_ids	14	3664	6
524	no	requires guest map fd replay via map_ids	13	3695	6
526	no	requires guest map fd replay via map_ids	14	3697	6
528	no	requires guest map fd replay via map_ids	14	3725	6
529	no	requires guest map fd replay via map_ids	13	3726	6
537	no	requires guest map fd replay via map_ids	13	3807	6
540	no	requires guest map fd replay via map_ids	14	3810	6
